-- ============================================================
-- Attendance App - Seed Data (Development / Testing Only)
-- Run AFTER 001_initial_schema.sql
-- ============================================================

-- ============================================================
-- Admin users (password: Admin1234! — bcrypt hashed)
-- Replace these hashes before going to production!
-- ============================================================
INSERT INTO admin_users (id, full_name, email, password_hash, role) VALUES
  (
    '00000000-0000-0000-0000-000000000001',
    'Joseph Mensah',
    'joseph@company.com',
    '$2b$10$examplehashforadmin1replaceme.....',
    'admin'
  ),
  (
    '00000000-0000-0000-0000-000000000002',
    'Akua Boateng',
    'akua@company.com',
    '$2b$10$examplehashforsupervisorreplace',
    'supervisor'
  );

-- ============================================================
-- Work Sites (3 example city locations)
-- ============================================================
INSERT INTO work_sites (id, name, address, latitude, longitude, geofence_radius_m) VALUES
  (
    '10000000-0000-0000-0000-000000000001',
    'Site A - Central Business District',
    'Liberation Road, Accra',
    5.5913,
    -0.1969,
    100
  ),
  (
    '10000000-0000-0000-0000-000000000002',
    'Site B - Tema Industrial Area',
    'Community 1, Tema',
    5.6698,
    -0.0166,
    150
  ),
  (
    '10000000-0000-0000-0000-000000000003',
    'Site C - East Legon',
    'East Legon, Accra',
    5.6364,
    -0.1551,
    100
  );

-- ============================================================
-- Check-in Windows (4 windows per site)
-- ============================================================

-- Site A windows
INSERT INTO checkin_windows (site_id, label, window_open, window_close) VALUES
  ('10000000-0000-0000-0000-000000000001', 'Morning',   '07:30', '08:00'),
  ('10000000-0000-0000-0000-000000000001', 'Midday',    '12:00', '12:30'),
  ('10000000-0000-0000-0000-000000000001', 'Afternoon', '15:00', '15:30'),
  ('10000000-0000-0000-0000-000000000001', 'Close',     '17:30', '18:00');

-- Site B windows
INSERT INTO checkin_windows (site_id, label, window_open, window_close) VALUES
  ('10000000-0000-0000-0000-000000000002', 'Morning',   '07:00', '07:30'),
  ('10000000-0000-0000-0000-000000000002', 'Midday',    '12:00', '12:30'),
  ('10000000-0000-0000-0000-000000000002', 'Afternoon', '15:00', '15:30'),
  ('10000000-0000-0000-0000-000000000002', 'Close',     '17:00', '17:30');

-- Site C windows
INSERT INTO checkin_windows (site_id, label, window_open, window_close) VALUES
  ('10000000-0000-0000-0000-000000000003', 'Morning',   '08:00', '08:30'),
  ('10000000-0000-0000-0000-000000000003', 'Midday',    '13:00', '13:30'),
  ('10000000-0000-0000-0000-000000000003', 'Afternoon', '15:30', '16:00'),
  ('10000000-0000-0000-0000-000000000003', 'Close',     '18:00', '18:30');

-- ============================================================
-- Sample Workers (10 workers)
-- ============================================================
INSERT INTO workers (id, full_name, phone_number, email, employee_id) VALUES
  ('20000000-0000-0000-0000-000000000001', 'Kofi Asante',    '+233241234001', 'kofi@company.com',    'EMP-001'),
  ('20000000-0000-0000-0000-000000000002', 'Ama Owusu',      '+233241234002', 'ama@company.com',     'EMP-002'),
  ('20000000-0000-0000-0000-000000000003', 'Kwame Darko',    '+233241234003', 'kwame@company.com',   'EMP-003'),
  ('20000000-0000-0000-0000-000000000004', 'Abena Adjei',    '+233241234004', 'abena@company.com',   'EMP-004'),
  ('20000000-0000-0000-0000-000000000005', 'Yaw Bonsu',      '+233241234005', 'yaw@company.com',     'EMP-005'),
  ('20000000-0000-0000-0000-000000000006', 'Akosua Mensah',  '+233241234006', 'akosua@company.com',  'EMP-006'),
  ('20000000-0000-0000-0000-000000000007', 'Kojo Amponsah',  '+233241234007', 'kojo@company.com',    'EMP-007'),
  ('20000000-0000-0000-0000-000000000008', 'Efua Quansah',   '+233241234008', 'efua@company.com',    'EMP-008'),
  ('20000000-0000-0000-0000-000000000009', 'Nana Osei',      '+233241234009', 'nana@company.com',    'EMP-009'),
  ('20000000-0000-0000-0000-000000000010', 'Adwoa Frimpong', '+233241234010', 'adwoa@company.com',   'EMP-010');

-- ============================================================
-- Assign workers to sites
-- ============================================================
INSERT INTO worker_site_assignments (worker_id, site_id, start_date) VALUES
  -- Site A: workers 1-4
  ('20000000-0000-0000-0000-000000000001', '10000000-0000-0000-0000-000000000001', '2025-01-01'),
  ('20000000-0000-0000-0000-000000000002', '10000000-0000-0000-0000-000000000001', '2025-01-01'),
  ('20000000-0000-0000-0000-000000000003', '10000000-0000-0000-0000-000000000001', '2025-01-01'),
  ('20000000-0000-0000-0000-000000000004', '10000000-0000-0000-0000-000000000001', '2025-01-01'),
  -- Site B: workers 5-7
  ('20000000-0000-0000-0000-000000000005', '10000000-0000-0000-0000-000000000002', '2025-01-01'),
  ('20000000-0000-0000-0000-000000000006', '10000000-0000-0000-0000-000000000002', '2025-01-01'),
  ('20000000-0000-0000-0000-000000000007', '10000000-0000-0000-0000-000000000002', '2025-01-01'),
  -- Site C: workers 8-10
  ('20000000-0000-0000-0000-000000000008', '10000000-0000-0000-0000-000000000003', '2025-01-01'),
  ('20000000-0000-0000-0000-000000000009', '10000000-0000-0000-0000-000000000003', '2025-01-01'),
  ('20000000-0000-0000-0000-000000000010', '10000000-0000-0000-0000-000000000003', '2025-01-01');
